{
    "name": "root",
    "gauges": {
        "EnemyAgent.Policy.Entropy.mean": {
            "value": 1.1819789409637451,
            "min": 1.1819789409637451,
            "max": 1.1819789409637451,
            "count": 1
        },
        "EnemyAgent.Policy.Entropy.sum": {
            "value": 4669.9990234375,
            "min": 4669.9990234375,
            "max": 4669.9990234375,
            "count": 1
        },
        "EnemyAgent.Step.mean": {
            "value": 159973.0,
            "min": 159973.0,
            "max": 159973.0,
            "count": 1
        },
        "EnemyAgent.Step.sum": {
            "value": 159973.0,
            "min": 159973.0,
            "max": 159973.0,
            "count": 1
        },
        "EnemyAgent.Policy.ExtrinsicValueEstimate.mean": {
            "value": -6107.8544921875,
            "min": -6107.8544921875,
            "max": -6107.8544921875,
            "count": 1
        },
        "EnemyAgent.Policy.ExtrinsicValueEstimate.sum": {
            "value": -390902.6875,
            "min": -390902.6875,
            "max": -390902.6875,
            "count": 1
        },
        "EnemyAgent.Losses.PolicyLoss.mean": {
            "value": 0.23536640985726093,
            "min": 0.23536640985726093,
            "max": 0.23536640985726093,
            "count": 1
        },
        "EnemyAgent.Losses.PolicyLoss.sum": {
            "value": 7.060992295717828,
            "min": 7.060992295717828,
            "max": 7.060992295717828,
            "count": 1
        },
        "EnemyAgent.Losses.ValueLoss.mean": {
            "value": 1333137.0989958534,
            "min": 1333137.0989958534,
            "max": 1333137.0989958534,
            "count": 1
        },
        "EnemyAgent.Losses.ValueLoss.sum": {
            "value": 39994112.969875604,
            "min": 39994112.969875604,
            "max": 39994112.969875604,
            "count": 1
        },
        "EnemyAgent.Policy.LearningRate.mean": {
            "value": 0.0002525695758101466,
            "min": 0.0002525695758101466,
            "max": 0.0002525695758101466,
            "count": 1
        },
        "EnemyAgent.Policy.LearningRate.sum": {
            "value": 0.007577087274304398,
            "min": 0.007577087274304398,
            "max": 0.007577087274304398,
            "count": 1
        },
        "EnemyAgent.Policy.Epsilon.mean": {
            "value": 0.18418985333333335,
            "min": 0.18418985333333335,
            "max": 0.18418985333333335,
            "count": 1
        },
        "EnemyAgent.Policy.Epsilon.sum": {
            "value": 5.525695600000001,
            "min": 5.525695600000001,
            "max": 5.525695600000001,
            "count": 1
        },
        "EnemyAgent.Policy.Beta.mean": {
            "value": 0.0004225302813333334,
            "min": 0.0004225302813333334,
            "max": 0.0004225302813333334,
            "count": 1
        },
        "EnemyAgent.Policy.Beta.sum": {
            "value": 0.012675908440000001,
            "min": 0.012675908440000001,
            "max": 0.012675908440000001,
            "count": 1
        },
        "EnemyAgent.Environment.EpisodeLength.mean": {
            "value": 686.8,
            "min": 686.8,
            "max": 686.8,
            "count": 1
        },
        "EnemyAgent.Environment.EpisodeLength.sum": {
            "value": 3434.0,
            "min": 3434.0,
            "max": 3434.0,
            "count": 1
        },
        "EnemyAgent.Environment.CumulativeReward.mean": {
            "value": -60695.631563601455,
            "min": -60695.631563601455,
            "max": -60695.631563601455,
            "count": 1
        },
        "EnemyAgent.Environment.CumulativeReward.sum": {
            "value": -303478.1578180073,
            "min": -303478.1578180073,
            "max": -303478.1578180073,
            "count": 1
        },
        "EnemyAgent.Policy.ExtrinsicReward.mean": {
            "value": -60695.631563601455,
            "min": -60695.631563601455,
            "max": -60695.631563601455,
            "count": 1
        },
        "EnemyAgent.Policy.ExtrinsicReward.sum": {
            "value": -303478.1578180073,
            "min": -303478.1578180073,
            "max": -303478.1578180073,
            "count": 1
        },
        "EnemyAgent.IsTraining.mean": {
            "value": 1.0,
            "min": 1.0,
            "max": 1.0,
            "count": 1
        },
        "EnemyAgent.IsTraining.sum": {
            "value": 1.0,
            "min": 1.0,
            "max": 1.0,
            "count": 1
        }
    },
    "metadata": {
        "timer_format_version": "0.1.0",
        "start_time_seconds": "1684700391",
        "python_version": "3.6.13 |Anaconda, Inc.| (default, Mar 16 2021, 11:37:27) [MSC v.1916 64 bit (AMD64)]",
        "command_line_arguments": "C:\\Users\\Roma\\anaconda3\\envs\\MLAgent\\Scripts\\mlagents-learn EnemyAgent_config.yaml --run-id=HumanAgentTest --resume",
        "mlagents_version": "0.28.0",
        "mlagents_envs_version": "0.28.0",
        "communication_protocol_version": "1.5.0",
        "pytorch_version": "1.7.1+cu110",
        "numpy_version": "1.19.5",
        "end_time_seconds": "1684700687"
    },
    "total": 296.0976483,
    "count": 1,
    "self": 0.007389299999999821,
    "children": {
        "run_training.setup": {
            "total": 0.1171258,
            "count": 1,
            "self": 0.1171258
        },
        "TrainerController.start_learning": {
            "total": 295.9731332,
            "count": 1,
            "self": 0.22398749999763368,
            "children": {
                "TrainerController._reset_env": {
                    "total": 13.1369418,
                    "count": 1,
                    "self": 13.1369418
                },
                "TrainerController.advance": {
                    "total": 281.59440330000234,
                    "count": 12957,
                    "self": 0.20335400000402615,
                    "children": {
                        "env_step": {
                            "total": 236.7091975999987,
                            "count": 12957,
                            "self": 180.84345660000304,
                            "children": {
                                "SubprocessEnvManager._take_step": {
                                    "total": 55.73155979999726,
                                    "count": 12958,
                                    "self": 0.5779194999996662,
                                    "children": {
                                        "TorchPolicy.evaluate": {
                                            "total": 55.15364029999759,
                                            "count": 12910,
                                            "self": 21.48164829999697,
                                            "children": {
                                                "TorchPolicy.sample_actions": {
                                                    "total": 33.67199200000062,
                                                    "count": 12910,
                                                    "self": 33.67199200000062
                                                }
                                            }
                                        }
                                    }
                                },
                                "workers": {
                                    "total": 0.1341811999984106,
                                    "count": 12956,
                                    "self": 0.0,
                                    "children": {
                                        "worker_root": {
                                            "total": 198.70651899999885,
                                            "count": 12956,
                                            "is_parallel": true,