{
    "name": "root",
    "gauges": {
        "EnemyAgent.Policy.Entropy.mean": {
            "value": 1.2018613815307617,
            "min": 1.2018613815307617,
            "max": 1.3983063697814941,
            "count": 12
        },
        "EnemyAgent.Policy.Entropy.sum": {
            "value": 12018.6142578125,
            "min": 3972.58837890625,
            "max": 13893.20703125,
            "count": 12
        },
        "EnemyAgent.Environment.EpisodeLength.mean": {
            "value": 0.0,
            "min": 0.0,
            "max": 25.884816753926703,
            "count": 12
        },
        "EnemyAgent.Environment.EpisodeLength.sum": {
            "value": 0.0,
            "min": 0.0,
            "max": 9888.0,
            "count": 12
        },
        "EnemyAgent.Step.mean": {
            "value": 149999.0,
            "min": 39956.0,
            "max": 149999.0,
            "count": 12
        },
        "EnemyAgent.Step.sum": {
            "value": 149999.0,
            "min": 39956.0,
            "max": 149999.0,
            "count": 12
        },
        "EnemyAgent.Policy.ExtrinsicValueEstimate.mean": {
            "value": 0.007115229964256287,
            "min": -485.3471374511719,
            "max": 68.84005737304688,
            "count": 12
        },
        "EnemyAgent.Policy.ExtrinsicValueEstimate.sum": {
            "value": 71.15229797363281,
            "min": -335719.84375,
            "max": 139469.953125,
            "count": 12
        },
        "EnemyAgent.Environment.CumulativeReward.mean": {
            "value": -0.009999999776482582,
            "min": -898.7327211038232,
            "max": -0.009999999776482582,
            "count": 12
        },
        "EnemyAgent.Environment.CumulativeReward.sum": {
            "value": -99.99999776482582,
            "min": -361290.55388373695,
            "max": -99.99999776482582,
            "count": 12
        },
        "EnemyAgent.Policy.ExtrinsicReward.mean": {
            "value": -0.009999999776482582,
            "min": -898.7327211038232,
            "max": -0.009999999776482582,
            "count": 12
        },
        "EnemyAgent.Policy.ExtrinsicReward.sum": {
            "value": -99.99999776482582,
            "min": -361290.55388373695,
            "max": -99.99999776482582,
            "count": 12
        },
        "EnemyAgent.Losses.PolicyLoss.mean": {
            "value": 0.7933854844233003,
            "min": 0.23962374681648763,
            "max": 0.8918740618509875,
            "count": 12
        },
        "EnemyAgent.Losses.PolicyLoss.sum": {
            "value": 78.54516295790673,
            "min": 5.03209868314624,
            "max": 88.29553212324777,
            "count": 12
        },
        "EnemyAgent.Losses.ValueLoss.mean": {
            "value": 0.054887333340919435,
            "min": 0.0210039425162604,
            "max": 1389557.622494915,
            "count": 12
        },
        "EnemyAgent.Losses.ValueLoss.sum": {
            "value": 5.433846000751024,
            "min": 2.0793903091097796,
            "max": 105606379.30961354,
            "count": 12
        },
        "EnemyAgent.Policy.LearningRate.mean": {
            "value": 0.0002130018289994,
            "min": 0.0002130018289994,
            "max": 0.0002768370934352571,
            "count": 12
        },
        "EnemyAgent.Policy.LearningRate.sum": {
            "value": 0.0210871810709406,
            "min": 0.005813578962140399,
            "max": 0.021837537120821197,
            "count": 12
        },
        "EnemyAgent.Policy.Epsilon.mean": {
            "value": 0.17100060000000003,
            "min": 0.17100060000000003,
            "max": 0.19227902857142862,
            "count": 12
        },
        "EnemyAgent.Policy.Epsilon.sum": {
            "value": 16.929059400000003,
            "min": 4.037859600000001,
            "max": 17.127039600000003,
            "count": 12
        },
        "EnemyAgent.Policy.Beta.mean": {
            "value": 0.00035790294000000015,
            "min": 0.00035790294000000015,
            "max": 0.00046216724000000005,
            "count": 12
        },
        "EnemyAgent.Policy.Beta.sum": {
            "value": 0.03543239106000001,
            "min": 0.009705512040000001,
            "max": 0.03646797612,
            "count": 12
        },
        "EnemyAgent.IsTraining.mean": {
            "value": 1.0,
            "min": 1.0,
            "max": 1.0,
            "count": 12
        },
        "EnemyAgent.IsTraining.sum": {
            "value": 1.0,
            "min": 1.0,
            "max": 1.0,
            "count": 12
        }
    },
    "metadata": {
        "timer_format_version": "0.1.0",
        "start_time_seconds": "1684068732",
        "python_version": "3.6.13 |Anaconda, Inc.| (default, Mar 16 2021, 11:37:27) [MSC v.1916 64 bit (AMD64)]",
        "command_line_arguments": "C:\\Users\\Roma\\anaconda3\\envs\\MLAgent\\Scripts\\mlagents-learn EnemyAgent_config.yaml --run-id=HumanAgentTest --resume",
        "mlagents_version": "0.28.0",
        "mlagents_envs_version": "0.28.0",
        "communication_protocol_version": "1.5.0",
        "pytorch_version": "1.7.1+cu110",
        "numpy_version": "1.19.5",
        "end_time_seconds": "1684070652"
    },
    "total": 1919.9666167999999,
    "count": 1,
    "self": 10.005621699999892,
    "children": {
        "run_training.setup": {
            "total": 0.1080845,
            "count": 1,
            "self": 0.1080845
        },
        "TrainerController.start_learning": {
            "total": 1909.8529106,
            "count": 1,
            "self": 2.556327400024202,
            "children": {
                "TrainerController._reset_env": {
                    "total": 9.144276000000001,
                    "count": 1,
                    "self": 9.144276000000001
                },
                "TrainerController.advance": {
                    "total": 1897.5602414999762,
                    "count": 163955,
                    "self": 2.231883599998582,
                    "children": {
                        "env_step": {
                            "total": 1393.6663740999973,
                            "count": 163955,
                            "self": 944.505200299993,
                            "children": {
                                "SubprocessEnvManager._take_step": {
                                    "total": 447.58661029999865,
                                    "count": 163958,
                                    "self": 4.886437300032412,
                                    "children": {
                                        "TorchPolicy.evaluate": {
                                            "total": 442.70017299996624,
                                            "count": 118950,
                                            "self": 165.54985629999618,
                                            "children": {
                                                "TorchPolicy.sample_actions": {
                                                    "total": 277.15031669997006,
                                                    "count": 118950,
                                                    "self": 277.15031669997006
                                                }
                                            }
                                        }
                                    }
                                },
                                "workers": {
                                    "total": 1.5745635000055866,
                                    "count": 163954,
                                    "self": 0.0,
                                    "children": {
                                        "worker_root": {
                                            "total": 1850.1549237000195,
                                            "count": 163954,
                                            "is_parallel": true,