{
    "name": "root",
    "gauges": {
        "EnemyAgent.Policy.Entropy.mean": {
            "value": 0.7773327231407166,
            "min": 0.7773327231407166,
            "max": 1.0247910022735596,
            "count": 31
        },
        "EnemyAgent.Policy.Entropy.sum": {
            "value": 7774.1044921875,
            "min": 7533.23828125,
            "max": 10282.6142578125,
            "count": 31
        },
        "EnemyAgent.Step.mean": {
            "value": 499985.0,
            "min": 199937.0,
            "max": 499985.0,
            "count": 31
        },
        "EnemyAgent.Step.sum": {
            "value": 499985.0,
            "min": 199937.0,
            "max": 499985.0,
            "count": 31
        },
        "EnemyAgent.Policy.ExtrinsicValueEstimate.mean": {
            "value": 1583.3236083984375,
            "min": 1459.643310546875,
            "max": 1630.9971923828125,
            "count": 31
        },
        "EnemyAgent.Policy.ExtrinsicValueEstimate.sum": {
            "value": 262831.71875,
            "min": 189652.078125,
            "max": 278614.4375,
            "count": 31
        },
        "EnemyAgent.Losses.PolicyLoss.mean": {
            "value": 0.2517554370391463,
            "min": 0.23804644960683136,
            "max": 0.2517554370391463,
            "count": 31
        },
        "EnemyAgent.Losses.PolicyLoss.sum": {
            "value": 19.38516865201427,
            "min": 13.630668507321042,
            "max": 19.402937401323772,
            "count": 31
        },
        "EnemyAgent.Losses.ValueLoss.mean": {
            "value": 77026.55907947043,
            "min": 65179.641712851146,
            "max": 84669.06054991514,
            "count": 31
        },
        "EnemyAgent.Losses.ValueLoss.sum": {
            "value": 5931045.049119224,
            "min": 3605532.7608082853,
            "max": 6674470.496356352,
            "count": 31
        },
        "EnemyAgent.Policy.LearningRate.mean": {
            "value": 0.00015149254950249999,
            "min": 0.00015149254950249999,
            "max": 0.00024109923054268725,
            "count": 31
        },
        "EnemyAgent.Policy.LearningRate.sum": {
            "value": 0.011664926311692499,
            "min": 0.011664926311692499,
            "max": 0.018842377319208098,
            "count": 31
        },
        "EnemyAgent.Policy.Epsilon.mean": {
            "value": 0.1504975,
            "min": 0.1504975,
            "max": 0.18036640363636364,
            "count": 31
        },
        "EnemyAgent.Policy.Epsilon.sum": {
            "value": 11.5883075,
            "min": 9.9201522,
            "max": 14.180791900000001,
            "count": 31
        },
        "EnemyAgent.Policy.Beta.mean": {
            "value": 0.00025743775,
            "min": 0.00025743775,
            "max": 0.0004037953778181818,
            "count": 31
        },
        "EnemyAgent.Policy.Beta.sum": {
            "value": 0.01982270675,
            "min": 0.01982270675,
            "max": 0.03156588031,
            "count": 31
        },
        "EnemyAgent.Environment.EpisodeLength.mean": {
            "value": 554.6111111111111,
            "min": 469.23809523809524,
            "max": 602.625,
            "count": 31
        },
        "EnemyAgent.Environment.EpisodeLength.sum": {
            "value": 9983.0,
            "min": 7210.0,
            "max": 10551.0,
            "count": 31
        },
        "EnemyAgent.Environment.CumulativeReward.mean": {
            "value": 9641.9423000455,
            "min": 8066.143628612028,
            "max": 10623.763396359158,
            "count": 31
        },
        "EnemyAgent.Environment.CumulativeReward.sum": {
            "value": 173554.961400819,
            "min": 125185.69671614189,
            "max": 180603.9777381057,
            "count": 31
        },
        "EnemyAgent.Policy.ExtrinsicReward.mean": {
            "value": 9641.9423000455,
            "min": 8066.143628612028,
            "max": 10623.763396359158,
            "count": 31
        },
        "EnemyAgent.Policy.ExtrinsicReward.sum": {
            "value": 173554.961400819,
            "min": 125185.69671614189,
            "max": 180603.9777381057,
            "count": 31
        },
        "EnemyAgent.IsTraining.mean": {
            "value": 1.0,
            "min": 1.0,
            "max": 1.0,
            "count": 31
        },
        "EnemyAgent.IsTraining.sum": {
            "value": 1.0,
            "min": 1.0,
            "max": 1.0,
            "count": 31
        }
    },
    "metadata": {
        "timer_format_version": "0.1.0",
        "start_time_seconds": "1684718694",
        "python_version": "3.6.13 |Anaconda, Inc.| (default, Mar 16 2021, 11:37:27) [MSC v.1916 64 bit (AMD64)]",
        "command_line_arguments": "C:\\Users\\Roma\\anaconda3\\envs\\MLAgent\\Scripts\\mlagents-learn EnemyAgent_config.yaml --run-id=FinalHumanAgentTest --resume",
        "mlagents_version": "0.28.0",
        "mlagents_envs_version": "0.28.0",
        "communication_protocol_version": "1.5.0",
        "pytorch_version": "1.7.1+cu110",
        "numpy_version": "1.19.5",
        "end_time_seconds": "1684722920"
    },
    "total": 4225.4567015,
    "count": 1,
    "self": 15.0849532000002,
    "children": {
        "run_training.setup": {
            "total": 0.0944324,
            "count": 1,
            "self": 0.0944324
        },
        "TrainerController.start_learning": {
            "total": 4210.2773159,
            "count": 1,
            "self": 5.1078787999367705,
            "children": {
                "TrainerController._reset_env": {
                    "total": 11.6246943,
                    "count": 1,
                    "self": 11.6246943
                },
                "TrainerController.advance": {
                    "total": 4193.543366400063,
                    "count": 311588,
                    "self": 4.7000719002244296,
                    "children": {
                        "env_step": {
                            "total": 3107.435219299852,
                            "count": 311588,
                            "self": 1867.6967799996269,
                            "children": {
                                "SubprocessEnvManager._take_step": {
                                    "total": 1236.5108632000074,
                                    "count": 311589,
                                    "self": 12.993577500015817,
                                    "children": {
                                        "TorchPolicy.evaluate": {
                                            "total": 1223.5172856999916,
                                            "count": 311038,
                                            "self": 487.07820840008253,
                                            "children": {
                                                "TorchPolicy.sample_actions": {
                                                    "total": 736.4390772999091,
                                                    "count": 311038,
                                                    "self": 736.4390772999091
                                                }
                                            }
                                        }
                                    }
                                },
                                "workers": {
                                    "total": 3.227576100217922,
                                    "count": 311587,
                                    "self": 0.0,
                                    "children": {
                                        "worker_root": {
                                            "total": 4176.69529370012,
                                            "count": 311587,
                                            "is_parallel": true,
                                            "self": 2547.1386305000924,